experiment,num_dpus,num_tasklets,total_elements,logical_elements_per_dpu,elements_per_dpu,element_size_bytes,block_size_bytes,blocks_per_dpu,max_blocks_per_tasklet,memory_model_source,static_kernel_functions,memory_read_bytes_lower_per_dpu,memory_read_bytes_upper_per_dpu,memory_write_bytes_lower_per_dpu,memory_write_bytes_upper_per_dpu,memory_read_transactions_lower_per_dpu,memory_read_transactions_upper_per_dpu,memory_write_transactions_lower_per_dpu,memory_write_transactions_upper_per_dpu,observed_row_reads_per_dpu,observed_row_writes_per_dpu,memory_transactions_lower_per_dpu,memory_transactions_upper_per_dpu,compute_instruction_source,compute_instruction_scope,compute_instructions_per_dpu,static_instructions_lower_per_dpu,static_instructions_upper_per_dpu,static_instructions_midpoint_per_dpu,instruction_reference_bytes_per_dpu,instruction_scale_from_reference,instruction_unexpanded_callees,static_vs_simulator_instruction_midpoint_error_pct,simulator_instruction_mean_within_static_bounds,measured_instructions_per_dpu,actual_cycles,memory_model_lower_cycles,memory_model_upper_cycles,ideal_compute_cycles,observed_compute_component_cycles,observed_dma_component_cycles,actual_within_overlap_bounds,actual_interval_position,compute_stall_rate,compute_conservative_cycles,ideal_compute_hidden_memory_cycles,conservative_compute_hidden_memory_cycles,ideal_compute_no_hidden_memory_cycles,conservative_compute_no_hidden_memory_cycles
dpu_sweep,1,16,65536,65536,65536,4,256,1024,64,static_analyzer,task.c::main_kernel1,1309440.0,1309440.0,0.0,0.0,5115.0,5115.0,0.0,0.0,163680.0,0.0,5115.0,5115.0,static_analyzer_exact_setting_midpoint,maximum_per_dpu_sum_of_sequential_executions,164408544.5,95269104.0,233547985.0,164408544.5,,1.0,__atomic_acquire_retry;barrier_wait,42.659136304388646,True,115245717.0,172566267.0,1048575.0,1048575.0,164408544.5,172562710.0,3557.0,False,7.779817848031853,0.1,182676160.55555555,164408544.5,182676160.55555555,165457119.5,183724735.55555555
dpu_sweep,4,16,65536,16384,16384,4,256,256,16,static_analyzer,task.c::main_kernel1,326400.0,326400.0,0.0,0.0,1275.0,1275.0,0.0,0.0,40800.0,0.0,1275.0,1275.0,static_analyzer_exact_setting_midpoint,maximum_per_dpu_sum_of_sequential_executions,40984032.5,23749104.0,58218961.0,40984032.5,,1.0,__atomic_acquire_retry;barrier_wait,42.59523203485773,True,28741516.75,43046226.0,261375.0,261375.0,40984032.5,43042619.75,3606.25,False,7.889788617886179,0.1,45537813.88888889,40984032.5,45537813.88888889,41245407.5,45799188.88888889
dpu_sweep,16,16,65536,4096,4096,4,256,64,4,static_analyzer,task.c::main_kernel1,80640.0,80640.0,0.0,0.0,315.0,315.0,0.0,0.0,10080.0,0.0,315.0,315.0,static_analyzer_exact_setting_midpoint,maximum_per_dpu_sum_of_sequential_executions,10127904.5,5869104.0,14386705.0,10127904.5,,1.0,__atomic_acquire_retry;barrier_wait,42.36090312173992,True,7114245.75,10664600.0,64575.0,64575.0,10127904.5,10661009.4375,3590.5625,False,8.311196283391405,0.1,11253227.222222222,10127904.5,11253227.222222222,10192479.5,11317802.222222222
dpu_sweep,64,16,65536,1024,1024,4,256,16,1,static_analyzer,task.c::main_kernel1,19200.0,19200.0,0.0,0.0,75.0,75.0,0.0,0.0,2400.0,0.0,75.0,75.0,static_analyzer_exact_setting_midpoint,maximum_per_dpu_sum_of_sequential_executions,2413836.5,1399097.0,3428576.0,2413836.5,,1.0,__atomic_acquire_retry;barrier_wait,41.346025058613996,True,1707749.828125,2562527.0,15375.0,15375.0,2413836.5,2559223.703125,3303.296875,False,9.670926829268293,0.1,2682040.5555555555,2413836.5,2682040.5555555555,2429211.5,2697415.5555555555
tasklet_sweep,1,1,2048,2048,2048,4,256,32,32,static_analyzer,task.c::main_kernel1,39680.0,39680.0,0.0,0.0,155.0,155.0,0.0,0.0,4960.0,0.0,155.0,155.0,static_analyzer_exact_setting_midpoint,maximum_per_dpu_sum_of_sequential_executions,4982405.5,2887237.0,7077574.0,4982405.5,,1.0,__atomic_acquire_retry;barrier_wait,42.6275542481632,True,3493298.0,38456407.0,31775.0,31775.0,54806460.5,38426292.0,30115.0,False,-514.5571518489378,0.1,60896067.222222224,54806460.5,60896067.222222224,54838235.5,60927842.222222224
tasklet_sweep,1,2,2048,2048,2048,4,256,32,16,static_analyzer,task.c::main_kernel1,39680.0,39680.0,0.0,0.0,155.0,155.0,0.0,0.0,4960.0,0.0,155.0,155.0,static_analyzer_exact_setting_midpoint,maximum_per_dpu_sum_of_sequential_executions,4982388.5,2887158.0,7077619.0,4982388.5,,1.0,__atomic_acquire_retry;barrier_wait,42.62437295397788,True,3493364.0,19846171.0,31775.0,31775.0,27403136.75,19818399.0,27772.0,False,-237.82740361919747,0.1,30447929.72222222,27403136.75,30447929.72222222,27434911.75,30479704.72222222
tasklet_sweep,1,4,2048,2048,2048,4,256,32,8,static_analyzer,task.c::main_kernel1,39680.0,39680.0,0.0,0.0,155.0,155.0,0.0,0.0,4960.0,0.0,155.0,155.0,static_analyzer_exact_setting_midpoint,maximum_per_dpu_sum_of_sequential_executions,4982792.5,2887436.0,7078149.0,4982792.5,,1.0,__atomic_acquire_retry;barrier_wait,42.59377225884752,True,3494397.0,9928772.0,31775.0,31775.0,13702679.375,9906441.0,22331.0,False,-118.76970495672698,0.1,15225199.305555556,13702679.375,15225199.305555556,13734454.375,15256974.305555556
tasklet_sweep,1,8,2048,2048,2048,4,256,32,4,static_analyzer,task.c::main_kernel1,39680.0,39680.0,0.0,0.0,155.0,155.0,0.0,0.0,4960.0,0.0,155.0,155.0,static_analyzer_exact_setting_midpoint,maximum_per_dpu_sum_of_sequential_executions,4983600.5,2887992.0,7079209.0,4983600.5,,1.0,__atomic_acquire_retry;barrier_wait,42.4708117256245,True,3497980.0,5575499.0,31775.0,31775.0,6852450.6875,5565045.0,10454.0,False,-40.187307238394965,0.1,7613834.097222222,6852450.6875,7613834.097222222,6884225.6875,7645609.097222222
tasklet_sweep,1,16,2048,2048,2048,4,256,32,2,static_analyzer,task.c::main_kernel1,39680.0,39680.0,0.0,0.0,155.0,155.0,0.0,0.0,4960.0,0.0,155.0,155.0,static_analyzer_exact_setting_midpoint,maximum_per_dpu_sum_of_sequential_executions,4985216.5,2889104.0,7081329.0,4985216.5,,1.0,__atomic_acquire_retry;barrier_wait,41.9784384417055,True,3511249.0,5266553.0,31775.0,31775.0,4985216.5,5263221.0,3332.0,False,8.854020456333595,0.1,5539129.444444444,4985216.5,5539129.444444444,5016991.5,5570904.444444444
