benchmark,experiment,num_dpus,num_tasklets,data_prep_params,setting_id,instructions_lower,instructions_upper,instructions_midpoint,exact,instruction_scope,unexpanded_callees,result_path
HST-S,dpu_sweep,1,16,524288,dpu_sweep_HST-S_dpu1_tasklets16_size524288,9515029,25770625,17642827,False,maximum_per_dpu_sum_of_sequential_executions,__atomic_acquire_retry;barrier_wait,dpu_sweep_HST-S_dpu1_tasklets16_size524288/result.json
HST-S,dpu_sweep,4,16,524288,dpu_sweep_HST-S_dpu4_tasklets16_size524288,2389525,6453889,4421707,False,maximum_per_dpu_sum_of_sequential_executions,__atomic_acquire_retry;barrier_wait,dpu_sweep_HST-S_dpu4_tasklets16_size524288/result.json
HST-S,dpu_sweep,16,16,524288,dpu_sweep_HST-S_dpu16_tasklets16_size524288,608149,1624705,1116427,False,maximum_per_dpu_sum_of_sequential_executions,__atomic_acquire_retry;barrier_wait,dpu_sweep_HST-S_dpu16_tasklets16_size524288/result.json
HST-S,dpu_sweep,64,16,524288,dpu_sweep_HST-S_dpu64_tasklets16_size524288,162805,417409,290107,False,maximum_per_dpu_sum_of_sequential_executions,__atomic_acquire_retry;barrier_wait,dpu_sweep_HST-S_dpu64_tasklets16_size524288/result.json
HST-S,tasklet_sweep,1,1,131072,tasklet_sweep_HST-S_dpu1_tasklets1_size131072,2375750,6439526,4407638,False,maximum_per_dpu_sum_of_sequential_executions,__atomic_acquire_retry;barrier_wait,tasklet_sweep_HST-S_dpu1_tasklets1_size131072/result.json
HST-S,tasklet_sweep,1,2,131072,tasklet_sweep_HST-S_dpu1_tasklets2_size131072,2377349,6441148,4409248.5,False,maximum_per_dpu_sum_of_sequential_executions,__atomic_acquire_retry;barrier_wait,tasklet_sweep_HST-S_dpu1_tasklets2_size131072/result.json
HST-S,tasklet_sweep,1,4,131072,tasklet_sweep_HST-S_dpu1_tasklets4_size131072,2379013,6442864,4410938.5,False,maximum_per_dpu_sum_of_sequential_executions,__atomic_acquire_retry;barrier_wait,tasklet_sweep_HST-S_dpu1_tasklets4_size131072/result.json
HST-S,tasklet_sweep,1,8,131072,tasklet_sweep_HST-S_dpu1_tasklets8_size131072,2382341,6446320,4414330.5,False,maximum_per_dpu_sum_of_sequential_executions,__atomic_acquire_retry;barrier_wait,tasklet_sweep_HST-S_dpu1_tasklets8_size131072/result.json
HST-S,tasklet_sweep,1,16,131072,tasklet_sweep_HST-S_dpu1_tasklets16_size131072,2389525,6453889,4421707,False,maximum_per_dpu_sum_of_sequential_executions,__atomic_acquire_retry;barrier_wait,tasklet_sweep_HST-S_dpu1_tasklets16_size131072/result.json
