benchmark,experiment,num_dpus_configured,num_tasklets,data_prep_params,setting_id,instructions_lower,instructions_upper,instructions_midpoint,exact,instruction_scope,unexpanded_callees,result_path
SCAN-RSS,dpu_sweep,1,16,1048576,dpu_sweep_SCAN-RSS_dpu1_tasklets16_size1048576,12166538,12225840,12196189,False,maximum_per_dpu_sum_of_sequential_executions,__atomic_acquire_retry;barrier_wait,dpu_sweep_SCAN-RSS_dpu1_tasklets16_size1048576/result.json
SCAN-RSS,dpu_sweep,4,16,1048576,dpu_sweep_SCAN-RSS_dpu4_tasklets16_size1048576,3042698,3057840,3050269,False,maximum_per_dpu_sum_of_sequential_executions,__atomic_acquire_retry;barrier_wait,dpu_sweep_SCAN-RSS_dpu4_tasklets16_size1048576/result.json
SCAN-RSS,dpu_sweep,16,16,1048576,dpu_sweep_SCAN-RSS_dpu16_tasklets16_size1048576,761738,765840,763789,False,maximum_per_dpu_sum_of_sequential_executions,__atomic_acquire_retry;barrier_wait,dpu_sweep_SCAN-RSS_dpu16_tasklets16_size1048576/result.json
SCAN-RSS,dpu_sweep,64,16,1048576,dpu_sweep_SCAN-RSS_dpu64_tasklets16_size1048576,191498,192840,192169,False,maximum_per_dpu_sum_of_sequential_executions,__atomic_acquire_retry;barrier_wait,dpu_sweep_SCAN-RSS_dpu64_tasklets16_size1048576/result.json
SCAN-RSS,tasklet_sweep,1,1,262144,tasklet_sweep_SCAN-RSS_dpu1_tasklets1_size262144,2984034,2984064,2984049,False,maximum_per_dpu_sum_of_sequential_executions,__atomic_acquire_retry;barrier_wait,tasklet_sweep_SCAN-RSS_dpu1_tasklets1_size262144/result.json
SCAN-RSS,tasklet_sweep,1,2,262144,tasklet_sweep_SCAN-RSS_dpu1_tasklets2_size262144,3008698,3011828,3010263,False,maximum_per_dpu_sum_of_sequential_executions,__atomic_acquire_retry;barrier_wait,tasklet_sweep_SCAN-RSS_dpu1_tasklets2_size262144/result.json
SCAN-RSS,tasklet_sweep,1,4,262144,tasklet_sweep_SCAN-RSS_dpu1_tasklets4_size262144,3035498,3045336,3040417,False,maximum_per_dpu_sum_of_sequential_executions,__atomic_acquire_retry;barrier_wait,tasklet_sweep_SCAN-RSS_dpu1_tasklets4_size262144/result.json
SCAN-RSS,tasklet_sweep,1,8,262144,tasklet_sweep_SCAN-RSS_dpu1_tasklets8_size262144,3039946,3053216,3046581,False,maximum_per_dpu_sum_of_sequential_executions,__atomic_acquire_retry;barrier_wait,tasklet_sweep_SCAN-RSS_dpu1_tasklets8_size262144/result.json
SCAN-RSS,tasklet_sweep,1,16,262144,tasklet_sweep_SCAN-RSS_dpu1_tasklets16_size262144,3042698,3057840,3050269,False,maximum_per_dpu_sum_of_sequential_executions,__atomic_acquire_retry;barrier_wait,tasklet_sweep_SCAN-RSS_dpu1_tasklets16_size262144/result.json
